Subject_ID,Group,Trial_Num,Segment_Num,N_Points,Duration_s,Peak_Velocity,Mean_Velocity,N_Submovements,SPARC
01,Aged_Control,1,1,85,2.52,1157.7036657874821,276.8551994677635,8,-1.700156335836787
01,Aged_Control,1,2,75,2.22,1652.6914076405444,329.3484062472878,5,-1.4735365786422263
01,Aged_Control,1,3,74,2.19,1072.5100362130763,341.38541983506406,7,-1.7106410008270225
01,Aged_Control,1,4,70,2.07,1856.6696588844811,364.7313959941241,5,-1.5462838234511584
01,Aged_Control,1,5,74,2.19,1342.054809279826,313.6608688427849,5,-1.5205359174957265
01,Aged_Control,1,6,68,2.01,1822.8488082607864,361.20123119470225,5,-1.452018461898333
01,Aged_Control,1,7,69,2.04,1523.9750654128145,332.2860616960207,5,-1.6862697852343738
01,Aged_Control,1,8,63,1.86,1961.4337159899749,390.57256997813266,3,-1.4480011944959619
01,Aged_Control,1,9,84,2.49,1389.7441810955352,303.824237561215,8,-1.815779831752847
01,Aged_Control,1,10,67,1.98,1905.6203422741135,359.330774558267,2,-1.5826960507699157
01,Aged_Control,1,11,80,2.37,1567.0212364724189,321.6136992911993,6,-1.6911621859090058
01,Aged_Control,1,12,99,2.94,2022.2374846798907,277.1332902502264,5,-1.6667794223920707
01,Aged_Control,1,13,97,2.88,1392.4399049470328,277.0065507476693,8,-1.590400574775186
01,Aged_Control,1,14,76,2.25,1809.6193583796055,323.0674661257106,5,-1.6680224279406362
01,Aged_Control,1,15,79,2.339,1517.0329228098167,301.4726595395775,6,-1.4298486951838174
01,Aged_Control,1,16,83,2.46,2004.4395171163906,284.12066148369604,5,-1.4616116204036946
01,Aged_Control,1,17,98,2.91,1500.4628915401047,250.05949017197236,8,-1.7091832687765778
01,Aged_Control,1,18,75,2.22,2015.2887854818434,318.9809960643857,4,-1.551466112950586
01,Aged_Control,1,19,84,2.49,1552.2385269166698,286.3070327976858,7,-1.477923515051958
01,Aged_Control,1,20,81,2.4,1817.3546098045294,306.94942072174246,6,-1.7294253114417812
01,Aged_Control,1,21,120,3.57,1527.707069070801,216.90358959901405,11,-1.8978806431406923
01,Aged_Control,1,22,107,3.18,1963.9104980737889,259.5981953021352,11,-1.482801606290018
01,Aged_Control,1,23,108,3.21,1440.8716497700636,249.22556637133636,9,-1.612378248929422
01,Aged_Control,1,24,116,3.45,1664.164788848885,220.62294955789585,9,-1.5721036100378936
01,Aged_Control,1,25,119,3.54,1319.3011618108862,207.12926586854454,13,-1.764084132805348
01,Aged_Control,1,26,138,4.11,1600.3471845543766,181.03910782939434,9,-1.599341792006146
01,Aged_Control,1,27,161,4.8,1096.078869830492,151.23171673347883,8,-1.856521040657403
01,Aged_Control,1,28,92,2.73,1760.7605679869616,273.8703017969125,7,-1.5467484852652325
01,Aged_Control,1,29,189,5.64,975.8187445536292,132.68148017057982,23,-1.8436124395405555
01,Aged_Control,1,30,93,2.76,1696.4832906797365,270.86555356618874,8,-1.8110957790750641
01,Aged_Control,1,31,67,1.98,1356.5683830083071,287.96531409022185,5,-1.6608356713361447
01,Aged_Control,1,32,74,2.19,1584.7362206023065,284.80862044969166,5,-1.7211476100390648
01,Aged_Control,1,33,80,2.37,1355.3392359274644,261.71804564066395,8,-1.6849227940741907
01,Aged_Control,1,34,63,1.86,1523.3369803019793,308.30106432388095,6,-1.6371859390851362
01,Aged_Control,1,35,69,2.04,1219.5172086617824,286.8264645725203,6,-1.5489557734461494
01,Aged_Control,1,36,72,2.13,1575.5069730795274,287.03220268652717,6,-1.4628701838992382
01,Aged_Control,1,37,73,2.16,1274.754878398195,272.0785033891806,5,-1.6364104993751714
01,Aged_Control,1,38,64,1.89,1602.9486718059436,287.22928086025536,5,-1.6596876598055865
01,Aged_Control,1,39,70,2.07,1302.668201977942,271.33762116699035,6,-1.5786679126997538
01,Aged_Control,1,40,74,2.19,1617.439677734881,288.5389127777507,6,-1.7093013270526938
01,Aged_Control,1,41,88,2.61,1389.3443697578302,210.84700913011417,9,-1.6347197161024547
01,Aged_Control,1,42,70,2.07,1316.772147673579,265.54595334165634,5,-1.4086011489209247
01,Aged_Control,1,43,97,2.88,1096.5856099730647,197.28730327393293,8,-1.8158228959875324
01,Aged_Control,1,44,76,2.25,1251.2216252748963,233.04026343902743,6,-1.4805493100472038
01,Aged_Control,1,45,85,2.52,1217.693630507192,221.51263848288372,6,-1.566531309103898
01,Aged_Control,1,46,71,2.1,1350.1028767385747,268.81401660513177,5,-1.4200418013027125
01,Aged_Control,1,47,73,2.16,1261.0621625351275,251.4642062857007,6,-1.6402036596288048
01,Aged_Control,1,48,77,2.28,1776.7792334571116,265.1447522732528,4,-1.6328802018302095
01,Aged_Control,1,49,70,2.07,1333.4374959313118,274.8018316566641,4,-1.6555842461044923
01,Aged_Control,1,50,77,2.28,1666.999966673333,264.832171223525,7,-1.6901631493791927
01,Aged_Control,1,51,197,5.88,1472.054497783435,101.27234033639178,7,-1.9412494901501598
01,Aged_Control,1,52,105,3.12,1389.7441810955313,191.1255002220479,9,-1.7028835858298113
01,Aged_Control,1,53,98,2.91,1050.5289672879608,185.76547024552386,6,-1.544752674243575
01,Aged_Control,1,54,96,2.85,1460.9738000540742,201.48911695881637,7,-1.6321843297947427
01,Aged_Control,1,55,118,3.51,1517.4906186786739,175.5994638301911,5,-1.6702139773828026
01,Aged_Control,1,56,113,3.36,1452.392661935623,184.41498035697302,10,-1.9219056797269936
01,Aged_Control,1,57,135,4.019,1171.5374513859967,139.00134299694278,13,-1.8175878798389498
01,Aged_Control,1,58,102,3.03,1595.1314818673845,184.84630877511404,9,-1.9272347400942662
01,Aged_Control,1,59,115,3.42,1016.6666666666661,168.4851178797182,11,-1.8396812655863417
01,Aged_Control,1,60,110,3.269,1772.7881367433026,190.70556526752915,6,-1.5125665341857735
01,Aged_Control,1,61,64,1.89,1058.4317539538288,227.62557836698795,9,-1.7613407491411233
01,Aged_Control,1,62,62,1.83,1084.4865656664958,248.15649087112976,7,-1.6917844556870858
01,Aged_Control,1,63,72,2.13,861.0394235393014,199.32070561421426,6,-1.5620609286333789
01,Aged_Control,1,64,62,1.83,1226.5579661982724,234.0291156456423,6,-1.5143745160425395
01,Aged_Control,1,65,63,1.86,1019.803902718557,222.58032259429933,6,-1.6727739564736028
01,Aged_Control,1,66,66,1.95,1218.491781762282,212.72135965596897,3,-1.6029948733665973
01,Aged_Control,1,67,73,2.16,1276.27931460511,217.8826945726402,4,-1.523091282445678
01,Aged_Control,1,68,70,2.07,1674.979270186817,238.2275543863066,3,-1.5869495347862652
01,Aged_Control,1,69,74,2.19,1016.6666666666642,182.54193327822904,5,-1.6953759764528684
01,Aged_Control,1,70,60,1.77,1201.850425154665,250.36312525640673,5,-1.6576095279872098
01,Aged_Control,1,71,82,2.43,1151.086443322139,160.40243960335314,6,-1.4284671049688429
01,Aged_Control,1,72,73,2.16,1108.0513425729764,198.9002951467905,6,-1.6928275602693732
01,Aged_Control,1,73,79,2.34,987.280214641325,188.56354289365726,8,-1.8194713520125223
01,Aged_Control,1,74,82,2.43,1190.3547557112774,177.58415987938122,8,-1.6277372719655059
01,Aged_Control,1,75,80,2.37,794.5998294040173,174.94449681622547,6,-1.731176477972037
01,Aged_Control,1,76,73,2.16,1135.2924243950956,187.75354186594393,4,-1.5123564641444025
01,Aged_Control,1,77,80,2.37,956.4111156935714,180.09644938204363,6,-1.5753657913865544
01,Aged_Control,1,78,88,2.61,1580.7874268505814,184.5811346355004,5,-1.6707752876224902
01,Aged_Control,1,79,87,2.58,1033.8708279513905,177.83216384444768,11,-1.783685992367618
01,Aged_Control,1,80,80,2.37,1384.2366528564066,181.48379576939573,6,-1.6719651777754192
01,Aged_Control,1,81,127,3.78,1089.5972752454145,117.44135303101496,13,-1.8362612823198332
01,Aged_Control,1,82,115,3.42,1118.6549463033227,134.947503235968,8,-1.6939993822852868
01,Aged_Control,1,83,81,2.4,884.5903006477055,175.64995199395636,7,-1.9158709702560142
01,Aged_Control,1,84,110,3.27,1122.6209412699252,135.187904958365,5,-1.4057998564782759
01,Aged_Control,1,85,121,3.6,1274.7548783981963,122.8910754466241,6,-1.5961418984524907
01,Aged_Control,1,86,109,3.24,1006.7825540359286,133.5141568008839,6,-1.6921813479168977
01,Aged_Control,1,87,191,5.7,766.8478046884885,77.7719354723975,9,-1.9877840406766247
01,Aged_Control,1,88,119,3.54,1390.143877445783,127.23758543568425,10,-1.7296429455636573
01,Aged_Control,1,89,116,3.45,970.2519718551898,130.690277800443,8,-1.9479177194700839
01,Aged_Control,1,90,110,3.27,1290.2411488641237,137.15122871970726,3,-1.666148527411893
02,Aged_Control,1,1,92,2.73,1644.6884203398545,278.0490511926594,5,-1.8481801529640403
02,Aged_Control,1,2,68,2.01,2147.9318218023386,379.87880740772204,5,-1.550431131148596
02,Aged_Control,1,3,66,1.95,1593.127601780709,364.9914475928072,4,-1.499812595621496
02,Aged_Control,1,4,62,1.83,1569.2354826475191,384.2807691564031,4,-1.5258933520191549
02,Aged_Control,1,5,62,1.83,2186.4481598143484,391.2549472112436,2,-1.4513675952068292
02,Aged_Control,1,6,63,1.86,1391.4420976494514,376.64642722939004,7,-1.6778111868053973
02,Aged_Control,1,7,71,2.099,1913.4756044666171,394.17950123375067,5,-1.7948135506259528
02,Aged_Control,1,8,62,1.83,1816.2843634433718,417.9696859162083,6,-1.7622457067090571
02,Aged_Control,1,9,67,1.98,2318.1050690404677,415.6930963138302,7,-1.9672810625460986
02,Aged_Control,1,10,55,1.62,2933.7594387482523,417.02846490827187,1,-1.6130758174772248
02,Aged_Control,1,11,100,2.97,1784.2676680114755,289.95720182786357,9,-1.5012571077736467
02,Aged_Control,1,12,75,2.22,2458.2062114024866,369.17450611387744,4,-1.4069973996591734
02,Aged_Control,1,13,100,2.97,1918.6945793661093,269.77528976033324,9,-1.3978823437929173
02,Aged_Control,1,14,72,2.13,1757.9185924774144,365.5093971759335,5,-1.649597033206312
02,Aged_Control,1,15,65,1.92,1684.6529481040147,367.69832393572443,3,-1.5357518895395224
02,Aged_Control,1,16,73,2.147,1952.5624189766618,351.13841272609693,4,-1.6792369744990119
02,Aged_Control,1,17,75,2.22,2661.0879145358717,369.0668442347423,5,-1.7296819876166576
02,Aged_Control,1,18,68,2.01,2051.15143814937,394.31678606621676,4,-1.7026980719982614
02,Aged_Control,1,19,74,2.19,2422.6936340454668,403.02263089230144,5,-1.8490815043079116
02,Aged_Control,1,20,90,2.67,2353.7794666828413,315.88617342275006,4,-1.61892624273377
02,Aged_Control,1,21,101,3.0,1592.0810978785676,251.95660856551342,10,-1.656301506819859
02,Aged_Control,1,22,108,3.21,1960.512971421283,239.78533408006282,5,-1.58587013903656
02,Aged_Control,1,23,193,5.76,1713.3463034528518,141.11699618147725,13,-1.6066486488988398
02,Aged_Control,1,24,137,4.08,1603.5550782211637,198.16088074528722,10,-1.885293642554768
02,Aged_Control,1,25,127,3.78,1534.1483341291048,196.96365807455268,7,-1.4254544521902766
02,Aged_Control,1,26,95,2.82,1584.736220602311,249.65838674396142,4,-1.443907650546425
02,Aged_Control,1,27,142,4.23,2215.7266177135793,184.3640076626443,4,-1.7554940599334343
02,Aged_Control,1,28,142,4.23,1736.6954572149712,188.88374156317371,10,-1.784044368768553
02,Aged_Control,1,29,92,2.73,1643.5902436096671,285.3514185629673,8,-1.7909520514450015
02,Aged_Control,1,30,102,3.03,1983.3333333333321,261.16233871342587,7,-1.7110459138225018
02,Aged_Control,1,31,74,2.19,1366.6666666666686,264.7802546512215,5,-1.794608784213179
02,Aged_Control,1,32,64,1.89,1875.1296251489164,339.34715502441736,4,-1.7006603154567754
02,Aged_Control,1,33,67,1.98,1200.2314591592565,271.201480646392,6,-1.7272712026169845
02,Aged_Control,1,34,75,2.22,1146.9767022723536,264.2486471891208,6,-1.7792230454531839
02,Aged_Control,1,35,62,1.83,1434.882883335391,288.77141447705856,3,-1.5185351999224976
02,Aged_Control,1,36,64,1.89,1319.3011618108862,297.1952776007312,5,-1.7004727855621447
02,Aged_Control,1,37,70,2.066,1771.690968789111,309.0159769457327,5,-1.8207078387769282
02,Aged_Control,1,38,66,1.949,1439.5215254459463,269.08815345838275,5,-1.693014491950473
02,Aged_Control,1,39,65,1.92,1414.9990184527396,330.82841465467914,5,-1.6961310124791198
02,Aged_Control,1,40,75,2.22,1534.5104177626934,284.4411979109091,4,-1.7600501031636777
02,Aged_Control,1,41,77,2.28,1192.8024890055246,237.80095452549844,5,-1.5839147861547267
02,Aged_Control,1,42,87,2.58,1456.0219778561031,236.00897713083873,6,-1.4596593530773576
02,Aged_Control,1,43,78,2.31,884.5903006477055,243.73849172477094,10,-1.6815366859980898
02,Aged_Control,1,44,90,2.67,1140.1754250991355,209.16233274548003,8,-1.496949030812551
02,Aged_Control,1,45,68,2.01,1234.346430752367,272.2873511379629,3,-1.740307834965265
02,Aged_Control,1,46,69,2.04,1317.0885400086893,265.1728098291803,4,-1.7363372579599592
02,Aged_Control,1,47,74,2.19,1650.336665990035,287.36968702230945,4,-1.681096879860324
02,Aged_Control,1,48,73,2.16,1496.8485412878458,254.00152785169107,5,-1.733490620419316
02,Aged_Control,1,49,90,2.67,1602.9486718059447,255.42104038691403,9,-1.882923895909091
02,Aged_Control,1,50,82,2.43,1867.8567634829176,251.45489437085124,5,-1.8036811562965105
02,Aged_Control,1,51,132,3.93,1268.6388155990032,150.80265774887948,13,-1.831058893473088
02,Aged_Control,1,52,108,3.21,1457.7379737113238,208.30703964642979,8,-1.6136036546833292
02,Aged_Control,1,53,225,6.72,1195.0127846828943,93.02587683059542,6,-1.9671716592057291
02,Aged_Control,1,54,142,4.23,1201.8504251546613,143.54161261448957,14,-1.5056210292060883
02,Aged_Control,1,55,134,3.99,1285.0637684134183,146.90994511280522,11,-1.5266276931574119
02,Aged_Control,1,56,114,3.39,984.6036991827941,172.92754461279412,13,-1.469643932541861
02,Aged_Control,1,57,113,3.36,1070.0467279516358,165.26923661416953,10,-1.8004244840792403
02,Aged_Control,1,58,214,6.39,955.2486587271388,93.84290351038918,27,-2.368046809414254
02,Aged_Control,1,59,127,3.78,1577.7973394718495,179.2712733765409,13,-2.126806686888551
02,Aged_Control,1,60,97,2.88,1136.392928915388,205.97907928643465,10,-1.994322594618549
02,Aged_Control,1,61,75,2.22,726.1006970264,188.45603985791473,5,-2.3426378398508296
02,Aged_Control,1,62,70,2.07,976.6723549322402,231.7906706794212,7,-1.567091509041439
02,Aged_Control,1,63,70,2.07,712.0003121097972,200.2018503699881,8,-1.760859613409405
02,Aged_Control,1,64,69,2.04,977.8093429248438,224.50253023623213,4,-1.7388518535257311
02,Aged_Control,1,65,59,1.74,1168.5698761972062,236.06058337299962,2,-1.5860525386321602
02,Aged_Control,1,66,70,2.07,1003.4662148993618,205.14899601910085,6,-1.7536955212507754
02,Aged_Control,1,67,69,2.04,1286.2520921049831,234.45998274401327,6,-1.675850273986939
02,Aged_Control,1,68,65,1.92,926.7625849638574,237.06656285676448,7,-1.441261568957174
02,Aged_Control,1,69,62,1.83,1371.6373022373255,271.72772854389825,6,-1.8781947789028524
02,Aged_Control,1,70,60,1.77,1242.4214708025245,246.78698372508103,3,-1.638468653658873
02,Aged_Control,1,71,103,3.06,1240.5196043952253,152.09258236466306,5,-1.582804146611732
02,Aged_Control,1,72,89,2.64,1365.650028374769,200.68579553996068,8,-1.739792747541696
02,Aged_Control,1,73,93,2.76,884.5903006477066,158.32699943321597,7,-1.7416832931505224
02,Aged_Control,1,74,76,2.25,797.5657409336935,209.50776645948636,10,-1.7826332798758422
02,Aged_Control,1,75,107,3.18,983.3333333333303,139.8776414590094,6,-1.467953679986259
02,Aged_Control,1,76,70,2.07,834.8319857578783,194.29522420285863,5,-1.7497294243722625
02,Aged_Control,1,77,98,2.91,1361.473874560624,164.83824486310834,8,-1.704933734829475
02,Aged_Control,1,78,70,2.07,930.0537618869141,206.05028683774708,8,-1.8421144929030533
02,Aged_Control,1,79,83,2.46,1144.3095929181225,195.42470860481504,6,-1.83601628030792
02,Aged_Control,1,80,62,1.83,1550.3583815076774,224.4156615908914,4,-1.6448867347418021
02,Aged_Control,1,81,136,4.05,1011.1874208078324,109.8745159824567,14,-1.5962861393717462
02,Aged_Control,1,82,140,4.17,1126.6962520770387,126.02138539848963,13,-1.4852758402922346
02,Aged_Control,1,83,125,3.719,932.4400487132937,115.58157548219705,5,-1.7331652846905574
02,Aged_Control,1,84,117,3.48,830.3279138054096,133.37430927046134,16,-1.7389958714089624
02,Aged_Control,1,85,137,4.08,984.603699182794,104.82011753248965,5,-1.8044956980172984
02,Aged_Control,1,86,128,3.81,816.8367169895224,118.62967984421297,17,-1.824350367440703
02,Aged_Control,1,87,199,5.94,857.9691784155815,85.96022911486428,24,-2.2876347612009313
02,Aged_Control,1,88,149,4.44,956.4111156935702,101.82493600309742,12,-1.9625637788502035
02,Aged_Control,1,89,147,4.38,1155.3017883748892,114.85907359750648,11,-2.173373947135645
02,Aged_Control,1,90,147,4.38,850.1633829904566,100.37843081438274,9,-1.950021230854607
03,Aged_Control,1,1,85,2.52,1153.015370428532,286.7863056108103,6,-1.8802039723828492
03,Aged_Control,1,2,59,1.74,2666.7187494913865,463.56926804145957,4,-1.6421262677494899
03,Aged_Control,1,3,69,2.04,2089.9893673307397,364.963797759565,3,-1.5400757187501615
03,Aged_Control,1,4,60,1.77,2897.9398812873187,436.57712408194226,4,-1.3858662555404742
03,Aged_Control,1,5,59,1.74,2582.2578406417015,448.9746055033496,5,-1.7175034038199575
03,Aged_Control,1,6,62,1.83,2921.424690493018,397.7062850387203,4,-1.5377074861012618
03,Aged_Control,1,7,70,2.07,2935.652492301424,443.07845792588824,5,-1.7938883757634068
03,Aged_Control,1,8,72,2.13,2875.6641744898593,366.7713026360434,4,-1.4688336927278214
03,Aged_Control,1,9,65,1.92,1968.7841707792948,385.90382706185966,7,-1.6692511259832357
03,Aged_Control,1,10,61,1.8,3068.1608678671187,423.33439128226223,3,-1.6645443681877978
03,Aged_Control,1,11,85,2.52,1844.6619684315576,283.12686523343166,6,-1.7191430742215374
03,Aged_Control,1,12,62,1.83,3401.1844342163404,433.39598225667146,2,-1.4829128469055786
03,Aged_Control,1,13,63,1.86,2454.134832843901,400.1362495061693,4,-1.6769727447895952
03,Aged_Control,1,14,79,2.34,3777.1976678778924,409.12941134249655,4,-1.5980736915206994
03,Aged_Control,1,15,73,2.16,2904.4984267702903,378.4867281481673,4,-1.6623836488366477
03,Aged_Control,1,16,71,2.1,2255.4871363459874,335.4283232998623,4,-1.6519793348418732
03,Aged_Control,1,17,76,2.25,2408.3189157584593,314.39822301393787,4,-1.507130957049617
03,Aged_Control,1,18,64,1.89,3460.290610788508,368.1994765705341,2,-1.430483801246814
03,Aged_Control,1,19,77,2.28,2333.868986135348,310.65279369583186,4,-1.7637405905883237
03,Aged_Control,1,20,75,2.22,3383.374383987414,338.69748756823344,4,-1.6234091174857075
03,Aged_Control,1,21,181,5.4,1782.9438827088486,144.14729667007003,10,-1.7737957563150082
03,Aged_Control,1,22,115,3.42,2724.0186816132154,286.05278396723105,12,-1.7276348205469858
03,Aged_Control,1,23,86,2.55,2065.1203892805443,283.9840984718129,4,-1.66627374962935
03,Aged_Control,1,24,129,3.84,2851.9973507857385,196.72147372909723,4,-1.5741337088189842
03,Aged_Control,1,25,111,3.3,2439.546861384072,233.84305393556068,5,-1.6652206900927724
03,Aged_Control,1,26,126,3.75,2784.580558879358,187.124486343983,3,-1.5533940341548345
03,Aged_Control,1,27,183,5.46,2102.5117254264146,134.89453408781134,6,-2.1025111102096607
03,Aged_Control,1,28,83,2.46,2405.202694161136,287.3062149957511,5,-1.5200976659133318
03,Aged_Control,1,29,88,2.61,1758.550539506901,276.00706082414445,5,-1.7714143954319088
03,Aged_Control,1,30,79,2.34,2290.6816064704954,298.3445329432964,4,-1.6662622642833769
03,Aged_Control,1,31,68,2.01,1921.2987505562169,291.1865339605492,4,-1.8656541068446841
03,Aged_Control,1,32,63,1.859,1899.853795544394,327.6394163957311,7,-1.6223479068439637
03,Aged_Control,1,33,75,2.22,1764.8575642873375,229.3081200856148,3,-1.6598767052166068
03,Aged_Control,1,34,68,2.01,1895.6822284104226,269.50326387975355,5,-1.6149322165420321
03,Aged_Control,1,35,64,1.89,2813.903970563946,298.1612828000721,3,-1.445898078669332
03,Aged_Control,1,36,59,1.74,2551.3612924171352,318.4653113506859,3,-1.5405777616397582
03,Aged_Control,1,37,67,1.98,2670.1019539419153,276.1506861076577,5,-1.6487878778341654
03,Aged_Control,1,38,67,1.98,2614.117654412499,262.99403292625817,4,-1.560270646810607
03,Aged_Control,1,39,68,2.01,1852.625764212033,308.7466930649465,10,-1.9291094009828138
03,Aged_Control,1,40,53,1.56,3131.071878943554,373.59950725197695,4,-1.5030003354280794
03,Aged_Control,1,41,70,2.07,2218.921159282391,273.47063782881656,3,-1.6609953000630746
03,Aged_Control,1,42,85,2.52,2323.9095411731405,326.02672322121833,8,-1.6316301989521298
03,Aged_Control,1,43,77,2.28,2180.5325547265306,260.8716288453553,4,-1.640136503506483
03,Aged_Control,1,44,73,2.16,2350.2363947294957,260.90152803198384,2,-1.3858844584186403
03,Aged_Control,1,45,80,2.37,2220.6730711405685,282.16271365912854,7,-1.7057448410582816
03,Aged_Control,1,46,72,2.13,1774.510887227489,257.48489262313115,5,-1.6248397244512707
03,Aged_Control,1,47,77,2.28,1723.449383584495,233.08267447787256,3,-1.8870963511022696
03,Aged_Control,1,48,132,3.93,2013.8409955990992,211.9681067561609,12,-4.76890473576504
03,Aged_Control,1,49,88,2.61,1422.9273425660988,226.941727655295,6,-1.750069611226401
03,Aged_Control,1,50,79,2.34,2200.5681084665353,244.65295904056828,3,-1.4537001715212872
03,Aged_Control,1,51,127,3.78,1951.4239814954485,152.7682663541603,4,-1.74876337080623
03,Aged_Control,1,52,284,8.49,1696.4832906797374,81.29731999745324,30,-3.180753351571753
03,Aged_Control,1,53,213,6.36,903.3886821911774,93.26676199345955,25,-1.9174522670088163
03,Aged_Control,1,54,71,2.1,1796.9109295924777,245.04789766921238,3,-1.3943487588461596
03,Aged_Control,1,55,95,2.82,1652.1030368728334,197.70819165247775,7,-1.5123262441315874
03,Aged_Control,1,56,80,2.37,1317.6156917368269,232.40586913766182,6,-1.6062991084413256
03,Aged_Control,1,57,93,2.76,1155.1815634108964,199.12627076978526,6,-2.2636897743579767
03,Aged_Control,1,58,105,3.12,1600.7810593582096,170.99388477377914,4,-1.5306795805326727
03,Aged_Control,1,59,129,3.84,1184.3892002959901,150.54141745003227,10,-1.555870131302509
03,Aged_Control,1,60,85,2.52,1766.7452812697384,231.79116850970715,5,-1.6235749949022753
03,Aged_Control,1,61,68,2.01,1151.9307463751652,210.8713042561255,4,-1.4558961259319463
03,Aged_Control,1,62,74,2.19,1207.3846850849927,202.68530545088655,4,-1.6631383520736143
03,Aged_Control,1,63,70,2.07,1146.9767022723488,202.1778214693568,5,-1.7159617661709907
03,Aged_Control,1,64,62,1.83,1178.7469806724598,226.2473918147716,4,-1.6428199553193255
03,Aged_Control,1,65,65,1.92,1286.0361149240273,210.0584401127884,2,-1.618661099553238
03,Aged_Control,1,66,68,2.28,1502.313031443327,248.83735580270454,6,-1.635260845606946
03,Aged_Control,1,67,77,2.28,887.568463712957,184.40295413141703,7,-1.6278543176638434
03,Aged_Control,1,68,65,1.92,1171.5374513859967,204.27141267823401,6,-1.6298424224789059
03,Aged_Control,1,69,72,2.13,883.4905520465702,190.47718841217485,6,-1.5016799561430783
03,Aged_Control,1,70,65,1.92,1352.5695710182301,236.31391281994286,5,-1.6095190820785001
03,Aged_Control,1,71,72,2.13,950.1461875826132,191.0808968061625,5,-1.7100420429822534
03,Aged_Control,1,72,66,1.95,1267.6531246537643,217.56940642570441,6,-1.4840872035027244
03,Aged_Control,1,73,76,2.25,1134.925352415549,187.04172255342814,6,-1.7145841620824243
03,Aged_Control,1,74,82,2.43,992.4716620639631,165.92302261020853,4,-1.7007662011007216
03,Aged_Control,1,75,80,2.37,1067.1873729054778,167.0689340928382,5,-1.6161411483878465
03,Aged_Control,1,76,69,2.04,867.3074554171786,193.47237648256012,4,-1.7500319009931147
03,Aged_Control,1,77,73,2.16,981.6369548418164,185.37570866132322,5,-1.6836922633607299
03,Aged_Control,1,78,74,2.19,1299.4611757684704,192.8653315047375,7,-1.6384245172186684
03,Aged_Control,1,79,88,2.61,986.8580895391649,165.61788255311828,6,-1.7120624184259143
03,Aged_Control,1,80,69,2.04,1300.0000000000018,214.01233276253708,4,-1.713975305258589
03,Aged_Control,1,81,101,3.0,1106.1695670696747,145.5821753629138,6,-1.637726362541176
03,Aged_Control,1,82,116,3.45,1073.0279068546574,135.57001264476196,9,-1.3839485570139747
03,Aged_Control,1,83,130,3.87,1108.803158565326,114.98095063899706,7,-1.791640540688641
03,Aged_Control,1,84,113,3.36,966.8103341515438,121.2718673035032,9,-1.4257998283934405
03,Aged_Control,1,85,126,3.75,759.0198357823801,112.26548238313949,8,-1.6606199362731324
03,Aged_Control,1,86,117,3.48,608.2762530298207,115.8283718303761,16,-1.4854258976345251
03,Aged_Control,1,87,113,3.36,1167.2617529928739,123.67921847139506,6,-1.7916495108225656
03,Aged_Control,1,88,105,3.12,909.3648577135831,128.96480402266351,8,-1.6523149494705658
03,Aged_Control,1,89,176,5.25,603.6923425424926,80.55248417387415,15,-1.9623881910821106
03,Aged_Control,1,90,100,2.97,1086.5337342004457,142.160701107073,4,-1.4943140778540518
01,Young_Control,1,1,59,1.74,2860.943900183997,443.58072505138585,4,-1.8545279726776456
01,Young_Control,1,2,58,1.71,4761.448192397865,510.34460522936166,3,-1.3896328502594915
01,Young_Control,1,3,59,1.74,3020.1177313328562,415.47293460543773,3,-1.5383809110733198
01,Young_Control,1,4,57,1.68,3655.475345286849,458.10581063053854,3,-1.4976379681104741
01,Young_Control,1,5,51,1.5,3900.1424475410013,491.017734827912,3,-1.381541720755142
01,Young_Control,1,6,51,1.5,3936.1924636774434,468.40271340082126,2,-1.3949873665202306
01,Young_Control,1,7,71,2.1,4249.084868794955,355.2897429418168,2,-1.485277407214102
01,Young_Control,1,8,51,1.5,3925.309612700068,496.05558368082797,1,-1.4070679206445345
01,Young_Control,1,9,60,1.77,4535.814272113783,437.2406297132209,2,-1.4517866083505138
01,Young_Control,1,10,66,1.949,5483.738586848293,542.0907472684625,4,-1.7268579310291532
01,Young_Control,1,11,67,1.98,4139.914116124742,405.81139510227916,3,-1.7497777627099524
01,Young_Control,1,12,65,1.92,4259.433973872324,448.80819423599684,2,-1.3830475544767071
01,Young_Control,1,13,69,2.04,3147.1768654179928,385.35254322021837,4,-1.5864982851208271
01,Young_Control,1,14,60,1.77,3807.157002862431,445.1454140433212,1,-1.383204793026817
01,Young_Control,1,15,69,2.04,4288.000051824213,451.05508619134577,3,-1.4141858399752683
01,Young_Control,1,16,59,1.74,3383.7027712913027,411.2962425193863,1,-1.3813334982951344
01,Young_Control,1,17,65,1.92,4136.725758374611,409.4337376424271,2,-1.3943161582340253
01,Young_Control,1,18,51,1.5,4019.1555221353547,469.84109552386064,1,-1.3901423405600877
01,Young_Control,1,19,55,1.62,3983.8911743280437,436.9919451325523,2,-1.3759644480367497
01,Young_Control,1,20,57,1.68,4856.439024635231,456.9773962378205,3,-1.3788905249962098
01,Young_Control,1,21,67,1.98,3806.1718884522847,410.7883704840011,3,-1.6542505779300032
01,Young_Control,1,22,70,2.07,4172.296197006579,437.85563516162114,2,-1.5057055750459185
01,Young_Control,1,23,66,1.95,3300.042087273703,375.33754312148005,2,-1.4712063280059862
01,Young_Control,1,24,75,2.22,3948.5932797502574,356.2543694556389,2,-1.3881505451521992
01,Young_Control,1,25,67,1.98,3567.2117963473916,425.60289189770225,2,-1.5646744517980762
01,Young_Control,1,26,62,1.83,3656.4250907743817,391.0906135822415,1,-1.3841639940624457
01,Young_Control,1,27,64,1.89,4254.83385235089,430.14606805405367,2,-1.5018986263469614
01,Young_Control,1,28,67,1.98,3975.5153404586713,395.96143905594266,2,-1.4030564447151472
01,Young_Control,1,29,70,2.07,3701.538719085469,359.1813740966166,2,-1.4205644484487618
01,Young_Control,1,30,62,1.83,4200.52906720623,403.50978340747747,3,-1.394211551421234
01,Young_Control,1,31,60,1.77,3686.9891359873695,356.02749870895894,3,-1.4497849145597552
01,Young_Control,1,32,56,1.65,3278.9310588801463,384.24756845604094,2,-1.449972285198446
01,Young_Control,1,33,59,1.74,2216.729322422765,298.5612740047119,3,-1.460799877006328
01,Young_Control,1,34,49,1.44,2936.3620727393645,378.85114607150615,3,-1.5217526212346266
01,Young_Control,1,35,57,1.68,3000.4166377355004,305.7176873275667,1,-1.4386982145140288
01,Young_Control,1,36,47,1.38,3300.0420872737036,396.2436197682559,1,-1.5038023858117062
01,Young_Control,1,37,52,1.53,2510.920592576002,342.873406051506,3,-1.5583322181952453
01,Young_Control,1,38,48,1.41,3322.6913455477275,364.24555737980376,2,-1.386293587343837
01,Young_Control,1,39,47,1.38,3218.2206954223075,367.9014341229833,1,-1.3843215407669316
01,Young_Control,1,40,44,1.29,3737.05171967897,427.6359983885843,2,-1.414252430525461
01,Young_Control,1,41,129,3.84,3126.3219426170576,401.5539917251101,9,-5.959478763855534
01,Young_Control,1,42,54,1.59,3238.526756961497,366.9625145587263,2,-1.386101238772734
01,Young_Control,1,43,59,1.74,2778.538784645228,302.82658232073254,2,-1.4793084530100749
01,Young_Control,1,44,57,1.68,3111.716210996398,325.3412481324964,3,-1.3913420370139336
01,Young_Control,1,45,61,1.8,3019.6118219989057,321.3139036829879,3,-1.5061490972618268
01,Young_Control,1,46,58,1.71,3331.7496237796076,356.9941000674176,4,-1.5026770989426441
01,Young_Control,1,47,51,1.5,2595.134336064747,344.0928486115025,1,-1.4188629207364416
01,Young_Control,1,48,49,1.44,3120.18517968975,356.2070687014631,1,-1.3897922076214897
01,Young_Control,1,49,62,1.83,2835.0974899953267,304.45329842272525,4,-1.4913809266282554
01,Young_Control,1,50,65,1.92,3289.419063874012,298.9006153731408,3,-1.4120517083954067
01,Young_Control,1,51,59,1.74,3403.1439712255624,364.6040518702774,2,-1.4448597770595042
01,Young_Control,1,52,64,1.89,3587.207208338481,310.82556936895173,2,-1.3772790179561458
01,Young_Control,1,53,116,3.45,2071.298572822802,156.779295857646,2,-1.4877913433115677
01,Young_Control,1,54,75,2.22,2735.0604299641277,243.35436062721328,4,-1.3884978033644677
01,Young_Control,1,55,87,2.58,2441.5386769639967,227.3873056551386,2,-1.4988707192078732
01,Young_Control,1,56,78,2.31,2769.1254134754463,260.80954245173797,3,-1.440261308525903
01,Young_Control,1,57,77,2.28,1941.9348884839364,236.9977881006504,4,-1.4152509744510748
01,Young_Control,1,58,67,1.98,2558.7540370700376,260.78559001027554,2,-1.4987220023787424
01,Young_Control,1,59,68,2.01,2794.538324024995,294.7771327492703,5,-1.6223082948855887
01,Young_Control,1,60,67,1.98,4000.0347220715194,320.27492739569607,3,-1.413437913565693
01,Young_Control,1,61,74,2.19,2732.6218586226328,213.09142198134705,3,-1.6236831007858137
01,Young_Control,1,62,50,1.47,2242.2706745122864,266.10308987795855,1,-1.3975367724836034
01,Young_Control,1,63,69,2.04,2146.0558137093153,204.05147866763429,2,-1.4245363354399871
01,Young_Control,1,64,54,1.59,2021.0695738203144,233.44675696044882,3,-1.3780923068084534
01,Young_Control,1,65,49,1.44,2451.4168238886764,259.58352322058215,1,-1.4637750186537677
01,Young_Control,1,66,52,1.53,2484.7311502230746,306.3975995858274,3,-1.3835216410978295
01,Young_Control,1,67,62,1.83,2725.2930525398947,259.5318856382801,3,-1.4274591374203474
01,Young_Control,1,68,56,1.65,2123.4144411510647,219.0487594765653,2,-1.444947626633154
01,Young_Control,1,69,47,1.38,2987.985200022843,282.42355275441804,2,-1.3842243182269471
01,Young_Control,1,70,54,1.59,2744.742448957846,289.6127040195138,3,-1.3816362663246888
01,Young_Control,1,71,60,1.77,2376.3300369360422,238.44002719757995,4,-1.4234734817090653
01,Young_Control,1,72,58,1.71,2703.2901763920513,240.77067285535978,3,-1.403373283547613
01,Young_Control,1,73,60,1.77,2168.9731313329917,234.49217562722228,3,-1.4544297767873509
01,Young_Control,1,74,57,1.68,2113.7118483316917,244.29638869467433,2,-1.3801124681582915
01,Young_Control,1,75,74,2.19,2253.947155054388,188.9809607485383,2,-1.5991300792508454
01,Young_Control,1,76,60,1.77,2539.9584423546958,229.71714714274077,2,-1.416667882623621
01,Young_Control,1,77,69,2.04,2511.5842720393757,194.9082882541088,2,-1.6796944248446701
01,Young_Control,1,78,57,1.68,2620.1145013147802,249.78601203932215,2,-1.4950492341622306
01,Young_Control,1,79,60,1.77,2366.9013968102304,246.17635164173146,2,-1.380921062510478
01,Young_Control,1,80,64,1.89,2633.8079741022216,204.88300307618096,2,-1.3978570745674226
01,Young_Control,1,81,69,2.04,2807.3811442141014,225.22171184504236,4,-1.4250440657202261
01,Young_Control,1,82,63,1.86,2499.444382702327,223.60451608697034,2,-1.5512359982995088
01,Young_Control,1,83,77,2.28,1897.7325651653043,177.002210603033,2,-1.5187719706913527
01,Young_Control,1,84,77,2.28,2192.157739660984,186.4697629299224,3,-1.4620845151193296
01,Young_Control,1,85,60,1.77,2466.666666666666,248.18140307647755,3,-1.5865143150006213
01,Young_Control,1,86,87,2.58,2591.063702634712,184.08753035647482,3,-1.523113401694515
01,Young_Control,1,87,78,2.31,2254.6864773424973,203.00609923800383,5,-1.6417459755897905
01,Young_Control,1,88,77,2.28,2168.460795638744,208.23784077452694,4,-1.7460442513983194
01,Young_Control,1,89,70,2.07,2250.246900033667,204.33134365978322,4,-1.7935702349404927
01,Young_Control,1,90,80,2.37,2883.333333333334,179.38322588925362,4,-1.5014192015558916
02,Young_Control,1,1,67,1.98,1503.3296378372888,385.39721871525836,6,-1.9224033758042536
02,Young_Control,1,2,63,1.86,2941.749290624353,449.0546824905926,5,-1.612959347809554
02,Young_Control,1,3,66,1.95,1708.8820257050459,371.3873442149507,5,-1.550275148937573
02,Young_Control,1,4,62,1.83,2004.716660500653,403.71014727976535,4,-1.5405780233231194
02,Young_Control,1,5,63,1.86,2190.00253678189,399.1125094164113,5,-1.4672017971697262
02,Young_Control,1,6,56,1.65,2283.394159773754,438.2723670106079,2,-1.5100248860778285
02,Young_Control,1,7,60,1.77,2026.7653484747007,435.2265569270931,5,-1.6441725483388254
02,Young_Control,1,8,59,1.74,2724.426545165058,419.2654887211668,3,-1.6701688227513105
02,Young_Control,1,9,62,1.83,1966.6666666666679,390.8785539959847,3,-1.5159735871341888
02,Young_Control,1,10,65,1.92,2137.495938917524,415.98168277993136,5,-1.6113724550560191
02,Young_Control,1,11,69,2.04,2055.345334595731,343.15459248279024,3,-1.5425997170474388
02,Young_Control,1,12,69,2.04,2069.084607045132,356.14842572510366,2,-1.4748199907046748
02,Young_Control,1,13,70,2.07,1854.7985814577755,340.79781507886344,3,-1.4597091182181603
02,Young_Control,1,14,64,1.89,2170.5094128132932,368.5038894136405,3,-1.403181812100471
02,Young_Control,1,15,65,1.92,2383.566422168446,367.07923491292627,2,-1.4795924161132012
02,Young_Control,1,16,59,1.74,3568.885602599841,417.5722312162763,1,-1.3846795859942604
02,Young_Control,1,17,65,1.92,2887.9539085272418,373.01395740113287,2,-1.4032316343289741
02,Young_Control,1,18,67,1.98,3543.381937578215,380.36324953998377,5,-1.3936114869549856
02,Young_Control,1,19,64,1.89,2635.2313834736465,387.8300900103166,6,-1.7268768831530068
02,Young_Control,1,20,62,1.83,2882.3215951343395,458.8455162930024,5,-1.6289713090053943
02,Young_Control,1,21,85,2.52,2732.621858622636,312.4452180295243,5,-1.476772662200415
02,Young_Control,1,22,68,2.01,3883.3690985477483,462.609488158896,4,-1.5253262086429262
02,Young_Control,1,23,79,2.34,2657.5364531836585,311.8552515809706,2,-1.4738826021111522
02,Young_Control,1,24,75,2.22,2946.98527689268,364.64154809349304,4,-1.462765336436557
02,Young_Control,1,25,72,2.13,3304.2060737456686,419.5063333852966,2,-1.502825834304028
02,Young_Control,1,26,68,2.01,3451.1270300841966,380.092930796885,2,-1.4438515288067744
02,Young_Control,1,27,82,2.43,2644.7537167423025,309.2249378865845,4,-1.5061441800495132
02,Young_Control,1,28,70,2.07,2808.4198799720466,348.51776343364367,2,-1.5509512628888225
02,Young_Control,1,29,75,2.22,3107.0707891660386,318.63220720381395,4,-1.4244771589905816
02,Young_Control,1,30,77,2.28,2917.428471940468,338.3733073326667,7,-1.5684025115121396
02,Young_Control,1,31,64,1.89,2152.324325003089,303.28739672860945,5,-1.560547595711181
02,Young_Control,1,32,59,1.74,2649.6330982903187,360.445028269713,3,-1.5759567326593755
02,Young_Control,1,33,60,1.77,1803.4688796871421,303.3641931263762,2,-1.4669403148382645
02,Young_Control,1,34,54,1.59,2027.5875100994087,337.64304462632805,2,-1.3831589913008244
02,Young_Control,1,35,62,1.83,2600.0000000000027,330.8890772401363,4,-1.3901964989375417
02,Young_Control,1,36,51,1.5,2782.8841952989064,372.6338450382013,2,-1.3902499559791823
02,Young_Control,1,37,49,1.44,3167.7629681247004,376.8446963713785,3,-1.3882374512076714
02,Young_Control,1,38,54,1.59,2763.351427363361,345.77159016949895,3,-1.7465800455615406
02,Young_Control,1,39,58,1.71,2866.8604585659355,322.7799799480133,2,-1.5916586449304253
02,Young_Control,1,40,49,1.44,3283.375634245271,405.1578153497483,3,-1.4950698556092692
02,Young_Control,1,41,77,2.28,2680.3813990632825,246.47165754827617,3,-1.7061553972437629
02,Young_Control,1,42,59,1.74,2826.3148365947427,351.82220721107524,5,-1.4615261298048305
02,Young_Control,1,43,64,1.89,2043.553549851607,282.2836310071973,2,-1.4280062230113484
02,Young_Control,1,44,60,1.77,2328.3876156879223,327.30696441929433,4,-1.4980735973066093
02,Young_Control,1,45,64,1.89,2650.8384417848715,302.0150379528152,2,-1.3915711104272095
02,Young_Control,1,46,70,2.07,3051.6389039334267,305.69952673592724,4,-1.4060221352189264
02,Young_Control,1,47,78,2.31,2962.4501871105117,260.27579769568763,6,-1.5759991177306514
02,Young_Control,1,48,61,1.8,2529.0534021864996,282.6622223018042,4,-1.5678880688623236
02,Young_Control,1,49,59,1.74,2694.954132778107,320.2428937540065,2,-1.4716765622944212
02,Young_Control,1,50,76,2.25,3550.156491073473,351.09611297063026,7,-1.5565378860624737
02,Young_Control,1,51,89,2.64,2119.0275547471715,215.36771632445956,4,-1.5480384623222863
02,Young_Control,1,52,83,2.46,2969.6614098056525,246.73260480864667,3,-1.4847918817150196
02,Young_Control,1,53,72,2.13,1803.4688796871421,239.05726171793717,4,-1.3974039056352816
02,Young_Control,1,54,103,3.06,2160.5683408667155,175.95129141689327,3,-1.383446846565561
02,Young_Control,1,55,81,2.4,2004.4395171163878,239.7196446449569,4,-1.4743732105100815
02,Young_Control,1,56,75,2.22,2650.3668509178947,255.33373873417267,1,-1.3937060760817133
02,Young_Control,1,57,80,2.37,2547.002595644971,251.98035925551343,4,-1.5527287965953882
02,Young_Control,1,58,67,1.98,2464.9768986972495,260.40163216252046,1,-1.3956621562018234
02,Young_Control,1,59,77,2.28,2250.9874376469643,248.64567992038423,2,-1.4032251696970406
02,Young_Control,1,60,75,2.22,2803.172805550483,299.17318396652155,5,-1.6017173066460648
02,Young_Control,1,61,64,1.89,1877.3503787104974,235.90212602871958,4,-1.7221826401617228
02,Young_Control,1,62,57,1.68,1972.3787105365375,271.89378975222394,3,-1.4128432697377489
02,Young_Control,1,63,56,1.65,1900.3654619280196,240.86158325892984,1,-1.4033389600613813
02,Young_Control,1,64,55,1.62,2016.1156271955774,270.29876859256797,3,-1.375781295507848
02,Young_Control,1,65,59,1.74,2168.2686385429474,272.8649358743476,2,-1.3778467220011819
02,Young_Control,1,66,51,1.5,1884.512904940927,260.0647555916465,1,-1.3878774771653215
02,Young_Control,1,67,57,1.68,2137.0410488440434,241.6613099309871,2,-1.4728025456617333
02,Young_Control,1,68,50,1.47,2097.7501175200905,266.5932352666742,1,-1.39815199293712
02,Young_Control,1,69,61,1.799,2333.868986135352,250.5209417061575,3,-1.5801087840699983
02,Young_Control,1,70,52,1.53,2586.7719050756855,295.122792898107,4,-1.5336086423693038
02,Young_Control,1,71,61,1.8,2661.766330841233,244.20223690729853,2,-1.4311387333862153
02,Young_Control,1,72,67,1.98,3321.72980371506,269.94038530694723,4,-1.4876112590090367
02,Young_Control,1,73,58,1.71,2168.588890909889,244.37777502694195,3,-1.382336245121147
02,Young_Control,1,74,62,1.83,2069.9570580623686,233.76400106315572,3,-1.4908879863890077
02,Young_Control,1,75,72,2.13,1816.9724513291021,198.3322313963791,4,-1.6276187132944104
02,Young_Control,1,76,64,1.89,1734.0543372237348,234.72079382107316,2,-1.431245781634254
02,Young_Control,1,77,65,1.92,1607.102292257024,206.76993906958415,4,-1.4002534720851783
02,Young_Control,1,78,58,1.71,1930.0259065618768,261.14236099881487,2,-1.3776210819387855
02,Young_Control,1,79,60,1.77,2069.9570580623695,239.10676132525688,3,-1.5698195831566861
02,Young_Control,1,80,62,1.83,2127.7270083876424,244.39041383932042,2,-1.3808130114849966
02,Young_Control,1,81,75,2.22,1674.9792701868143,190.98280509062616,4,-1.5630218920116206
02,Young_Control,1,82,77,2.28,2067.2714168950124,180.45409158056862,4,-1.463264769435666
02,Young_Control,1,83,83,2.46,1298.2894729433635,187.18412172950556,3,-1.6007885481547959
02,Young_Control,1,84,87,2.58,1314.5552691140651,177.26613694618723,6,-1.5350069414162248
02,Young_Control,1,85,68,2.01,1612.4515496597103,209.21712374948982,3,-1.5020112425064416
02,Young_Control,1,86,72,2.13,1202.890038384407,192.22722496537622,3,-1.510783632024929
02,Young_Control,1,87,62,1.83,1555.8134706819965,232.0742920910155,2,-1.4631108353349744
02,Young_Control,1,88,74,2.19,1513.366372620254,192.53602138647048,2,-1.4577482886305613
02,Young_Control,1,89,65,1.92,1584.1226102939256,210.500314195782,2,-1.4992059109317974
02,Young_Control,1,90,67,1.98,2083.933246958208,233.04246744608528,3,-1.5530333566472592
03,Young_Control,1,1,75,2.22,1527.9797846248555,325.28420756353427,5,-1.8066359978020832
03,Young_Control,1,2,69,2.04,2697.1692980275097,396.090937135617,4,-1.5945698571465696
03,Young_Control,1,3,80,2.37,2370.009376446527,362.4627826660956,5,-1.720298584214421
03,Young_Control,1,4,55,1.62,2536.0183139892524,440.0115817104618,1,-1.5075312657744053
03,Young_Control,1,5,64,1.89,2350.9454362967335,418.76026776291104,3,-1.6499221945165279
03,Young_Control,1,6,54,1.59,2969.661409805651,443.3440873727131,1,-1.4219282793646006
03,Young_Control,1,7,65,1.92,2991.190769948021,418.6497915341059,3,-1.4078268475670455
03,Young_Control,1,8,62,1.83,2251.2342293851966,383.1093181925602,3,-1.5152421781677772
03,Young_Control,1,9,67,1.98,1539.9314559060372,337.52945267118594,3,-1.895912143070527
03,Young_Control,1,10,62,1.83,3115.998145770375,400.6595196121944,4,-1.5034785889462046
03,Young_Control,1,11,76,2.25,2762.899041063772,320.87600321953585,4,-1.5807897891394667
03,Young_Control,1,12,68,2.01,3736.382683231946,467.23689893457015,2,-1.472179734704036
03,Young_Control,1,13,75,2.22,2251.727731715754,339.9366810533169,4,-1.588171659543296
03,Young_Control,1,14,89,2.64,2689.5889814038296,313.2587153478023,2,-1.4712540125961169
03,Young_Control,1,15,67,1.98,2783.333333333333,369.1687274720089,2,-1.396249618933052
03,Young_Control,1,16,76,2.25,2996.7575069657482,338.3582598512042,5,-1.4306607272649172
03,Young_Control,1,17,72,2.13,2857.981027850878,348.93185514176116,5,-1.513855346046551
03,Young_Control,1,18,72,2.13,2498.9442215107997,327.2126554856287,6,-1.414081233845815
03,Young_Control,1,19,69,2.04,2857.008925432329,371.1415234200749,1,-1.4151422903582374
03,Young_Control,1,20,58,1.71,2606.4556606838896,415.33131882338034,3,-1.512597315534134
03,Young_Control,1,21,76,2.25,2776.5886343577167,315.4817148683569,3,-1.5172653853720468
03,Young_Control,1,22,84,2.49,3293.13258497471,324.30105858114285,4,-1.4848358202532217
03,Young_Control,1,23,87,2.58,3061.045573002792,281.8839927885536,2,-1.4525987343522906
03,Young_Control,1,24,83,2.46,3107.696538881776,322.4654914496687,1,-1.6323288844819854
03,Young_Control,1,25,77,2.28,2851.2180632923264,320.2155102765126,2,-1.3824725754381983
03,Young_Control,1,26,82,2.43,3117.067710382807,319.20559821603916,2,-1.3761331554561544
03,Young_Control,1,27,132,3.93,3366.2128406993056,203.28405408193316,2,-1.5366137425496587
03,Young_Control,1,28,72,2.13,2901.5321623047516,337.48991910794484,4,-1.5127278924899934
03,Young_Control,1,29,95,2.82,2503.5530307500553,268.91034224682693,2,-1.5766762246043307
03,Young_Control,1,30,81,2.4,3215.63023026246,313.9784665319473,3,-1.4193348817269567
03,Young_Control,1,31,59,1.74,2786.674641136917,325.99855929557435,2,-1.5157624006090022
03,Young_Control,1,32,62,1.83,2966.947552245873,349.30298771790945,4,-1.5886446719911487
03,Young_Control,1,33,61,1.8,2262.86445806097,284.2510168451353,2,-1.4874431141169517
03,Young_Control,1,34,52,1.53,2197.094040368371,356.5019196134304,2,-1.3974601393446806
03,Young_Control,1,35,62,1.83,2333.9284955247062,304.73531442517043,2,-1.4423660404546403
03,Young_Control,1,36,56,1.65,1935.9178127642147,331.55202387657346,4,-1.5514024756969265
03,Young_Control,1,37,55,1.62,2264.5210433015527,346.2554660274308,4,-1.4170583140844872
03,Young_Control,1,38,57,1.68,2012.421775098596,296.18537787766695,2,-1.4539758607586901
03,Young_Control,1,39,61,1.8,1700.3267659809114,315.47635389420816,2,-1.5627835367353207
03,Young_Control,1,40,58,1.71,2700.822919860622,320.71130721123234,2,-1.4618064615066815
03,Young_Control,1,41,71,2.1,2504.49595727364,271.8353128456434,2,-1.5577731614918455
03,Young_Control,1,42,65,1.92,2402.140249397977,296.68283429752876,4,-1.3993759881272556
03,Young_Control,1,43,69,2.04,2227.4175380670963,261.3180600052818,2,-1.534428033357051
03,Young_Control,1,44,52,1.53,2296.6763425050176,335.3799830792581,1,-1.3953381284952733
03,Young_Control,1,45,77,2.28,2067.7416559027793,267.8328133584992,3,-1.5083901029702302
03,Young_Control,1,46,60,1.77,2521.132902310211,310.6911541843043,3,-1.4061190119143654
03,Young_Control,1,47,59,1.74,2356.669024044083,310.1880741453281,1,-1.4091168634896145
03,Young_Control,1,48,59,1.74,2240.2876799395412,289.95279780133455,1,-1.395011533677565
03,Young_Control,1,49,81,2.4,2224.2351993937646,255.5427252358238,2,-1.5201084717674083
03,Young_Control,1,50,61,1.8,3321.7298037150595,363.79256803259545,2,-1.399976810004115
03,Young_Control,1,51,86,2.55,2354.7233855003487,228.9009232962261,2,-1.5141279369554819
03,Young_Control,1,52,77,2.28,3199.044996383905,318.30649854408904,2,-1.510722765147188
03,Young_Control,1,53,126,3.75,2527.460297523101,145.1961559652275,3,-1.588756857831496
03,Young_Control,1,54,80,2.37,2126.0291625469313,245.57831903854859,2,-1.4404352959576183
03,Young_Control,1,55,104,3.09,2541.215807006122,185.3447899950051,3,-1.4155242119525073
03,Young_Control,1,56,110,3.27,2066.935466390332,176.10500145592735,2,-1.4013785764319113
03,Young_Control,1,57,103,3.06,1886.9434425958702,171.90252833568968,3,-1.5444659922977704
03,Young_Control,1,58,134,3.99,1766.9811040931456,130.73944459195275,2,-1.5036746311306406
03,Young_Control,1,59,81,2.4,1752.8548142958084,240.5902307065972,4,-1.7662957489176174
03,Young_Control,1,60,72,2.13,3320.0568937561557,307.36901164558196,3,-1.4080343467598953
03,Young_Control,1,61,59,1.74,2072.1030647897583,230.1865051716373,2,-1.4806260958190491
03,Young_Control,1,62,60,1.77,2133.39843650662,238.0561783969977,3,-1.443497846941118
03,Young_Control,1,63,64,1.89,1913.4756044666171,206.96110699081711,3,-1.4538872535301377
03,Young_Control,1,64,57,1.68,1567.8187253491897,234.38282329280494,2,-1.4326955140737019
03,Young_Control,1,65,53,1.56,1939.1435681191253,270.0919917886442,2,-1.392530238201212
03,Young_Control,1,66,52,1.53,1802.7756377319947,269.86261131352313,1,-1.4725238487689156
03,Young_Control,1,67,59,1.74,1960.229578391267,256.2730865672107,3,-1.6131509745978203
03,Young_Control,1,68,55,1.62,1654.1194367732662,255.0822090910665,5,-1.6481986063586294
03,Young_Control,1,69,59,1.74,1772.788136743299,252.89683555358974,2,-1.6648340863861986
03,Young_Control,1,70,57,1.68,1735.3353822500376,248.36184118870645,2,-1.4394176856546812
03,Young_Control,1,71,72,2.13,1940.0028636863165,196.74189476861298,3,-1.4122187595044005
03,Young_Control,1,72,60,1.77,1452.3926619356228,224.63797944656693,2,-1.501731931232202
03,Young_Control,1,73,62,1.83,1641.560910299163,223.58531807769057,2,-1.3731136229519667
03,Young_Control,1,74,63,1.86,1556.349003990499,217.48159647967503,2,-1.4722661205611844
03,Young_Control,1,75,60,1.77,1935.1284769291722,237.28232800067647,2,-1.4051330627384413
03,Young_Control,1,76,60,1.77,1487.9142747110418,226.4050050394182,1,-1.4579222893295931
03,Young_Control,1,77,71,2.1,1603.4684627740933,197.99744892823009,2,-1.5063660345716277
03,Young_Control,1,78,60,1.77,1544.9739300209715,225.47230406709392,1,-1.4266776768539886
03,Young_Control,1,79,77,2.28,1417.0587692666645,202.65458138680867,5,-1.6481788490083271
03,Young_Control,1,80,67,1.98,1888.047198091781,204.00550220035174,2,-1.5360012473306957
03,Young_Control,1,81,95,2.82,2067.2714168950138,149.16096385856196,2,-1.4517985864475502
03,Young_Control,1,82,89,2.64,1970.1240795667895,188.18315329502624,2,-1.4719698136190933
03,Young_Control,1,83,79,2.34,1862.6444761264672,175.85828384885284,3,-1.6641054370363881
03,Young_Control,1,84,93,2.76,1355.749075439684,149.82666874564234,5,-1.4727505143609387
03,Young_Control,1,85,90,2.67,1584.7362206023092,150.91387324277235,4,-1.512113025322133
03,Young_Control,1,86,112,3.33,1901.1692308798931,124.64188627224792,1,-1.4113694064902271
03,Young_Control,1,87,66,1.95,1900.29237516523,208.10537480337322,2,-1.5950356437995623
03,Young_Control,1,88,72,2.13,1690.2498171703635,185.91305164524007,2,-1.509109795554712
03,Young_Control,1,89,76,2.25,1350.9256086106277,181.9695450123987,4,-1.5339136374745432
03,Young_Control,1,90,85,2.52,1620.8708221885606,158.64707502105705,3,-1.3996112096052573
01,Stroke_Paretic,1,1,93,2.76,1625.2350257390121,270.1512503505822,7,-1.854887147066811
01,Stroke_Paretic,1,2,89,2.64,1967.3021572137295,284.7207045345674,8,-1.5475182681732016
01,Stroke_Paretic,1,3,85,2.52,1650.0841729371818,328.1856225846232,12,-1.880357819881925
01,Stroke_Paretic,1,4,69,2.04,1810.0030693651076,352.99826682752854,4,-2.0338243062250627
01,Stroke_Paretic,1,5,91,2.7,1370.016220504137,266.3513061020908,9,-2.0662022185294653
01,Stroke_Paretic,1,6,77,2.28,1335.9349618234523,308.0830186903462,6,-1.8379118260071001
01,Stroke_Paretic,1,7,186,5.55,1475.1647742239218,247.30285265206828,32,-3.2339575214845935
01,Stroke_Paretic,1,8,77,2.28,1519.6856400073173,356.7447500392884,7,-1.8312788227304813
01,Stroke_Paretic,1,9,82,2.43,1342.0548092798247,284.7202322469408,6,-1.8486765275493842
01,Stroke_Paretic,1,10,73,2.16,1601.7351702311962,354.9933278738648,7,-1.4811887719847467
01,Stroke_Paretic,1,11,168,5.01,1471.3938969562153,160.21999526940016,22,-1.9890820370188753
01,Stroke_Paretic,1,12,84,2.489,2243.818669639378,324.2592998336321,8,-1.6406357183020464
01,Stroke_Paretic,1,13,112,3.33,1393.8356351370044,246.1240269833138,6,-1.8960664214818197
01,Stroke_Paretic,1,14,87,2.58,1831.286736453663,318.05223299003103,7,-1.536808914353742
01,Stroke_Paretic,1,15,118,3.51,1222.4747213928167,236.7824940626187,17,-2.067403869791624
01,Stroke_Paretic,1,16,83,2.46,1434.2051612110586,295.9900152478815,6,-1.473618414331949
01,Stroke_Paretic,1,17,93,2.76,1504.5301961446692,276.9377933437162,13,-1.5588967261046687
01,Stroke_Paretic,1,18,87,2.58,1793.5842451483672,297.922186337641,7,-1.3884624511264096
01,Stroke_Paretic,1,19,112,3.39,1645.5326729596632,230.35631843068475,9,-1.8342805909450743
01,Stroke_Paretic,1,20,95,2.82,1726.2676501632068,270.45265186835775,8,-1.7907994534275515
01,Stroke_Paretic,1,21,344,10.29,1496.755750875132,79.71159256731048,10,-2.4227195663381313
01,Stroke_Paretic,1,22,152,4.53,2169.8054188234355,200.8090429584979,9,-1.8371972232572809
01,Stroke_Paretic,1,23,128,3.81,1662.4112340546517,208.64465866083202,7,-1.6828051246028755
01,Stroke_Paretic,1,24,112,3.33,1717.9606773406947,251.86956662594233,6,-2.0743711979129063
01,Stroke_Paretic,1,25,155,4.62,1529.7966458904825,170.6919825945598,13,-1.8220665356790422
01,Stroke_Paretic,1,26,94,2.789,1586.488085188304,251.4082566362367,8,-1.6172910107142502
01,Stroke_Paretic,1,27,232,6.93,1473.1862671698316,113.70091639331937,6,-2.0332575916369846
01,Stroke_Paretic,1,28,117,3.48,1532.7897587224547,217.067988307735,6,-1.8249956602126118
01,Stroke_Paretic,1,29,144,4.29,1238.8390622765407,184.74498090167194,17,-1.8753761791125048
01,Stroke_Paretic,1,30,99,2.94,1540.2921800749327,265.52234926785405,8,-2.283058669860019
01,Stroke_Paretic,1,31,102,3.029,969.8224350650763,157.90019589162782,11,-2.374387237707968
01,Stroke_Paretic,1,32,68,2.01,870.6638591072646,201.40156190344536,6,-1.6068953409987248
01,Stroke_Paretic,1,33,123,3.66,1075.6135200175017,170.4638189495536,13,-2.2984891102981413
01,Stroke_Paretic,1,34,82,2.424,1270.2799341527477,187.11879903305058,8,-2.1136262505151024
01,Stroke_Paretic,1,35,68,2.01,1170.9445380166858,198.15096392593404,4,-1.4883824125067757
01,Stroke_Paretic,1,36,74,2.189,970.2519718551918,193.59615903902187,7,-1.6052484973881302
01,Stroke_Paretic,1,37,77,2.28,1090.616543265525,181.84780095926942,7,-1.6259661589805132
01,Stroke_Paretic,1,38,83,2.46,1033.467733195165,187.68020850589463,9,-1.6825726358568487
01,Stroke_Paretic,1,39,82,2.43,1159.7413504743242,169.5386758589996,5,-1.4095791655365915
01,Stroke_Paretic,1,40,90,2.67,1059.3499054713782,165.43836904162492,7,-2.1708395300195247
01,Stroke_Paretic,1,41,176,5.25,973.6814445985682,95.21918155904359,16,-2.5746130648661945
01,Stroke_Paretic,1,42,91,2.7,1117.164068324594,168.67356265028263,8,-1.6241413441753085
01,Stroke_Paretic,1,43,134,3.99,1312.4404748406662,135.33464113344772,14,-1.8916416284421074
01,Stroke_Paretic,1,44,77,2.28,1225.878369895552,216.82575577080485,4,-2.1600646824567935
01,Stroke_Paretic,1,45,90,2.67,1077.161908803766,156.18576533879323,3,-1.534210866060019
01,Stroke_Paretic,1,46,93,2.76,1185.2097798374023,158.6718223369527,8,-1.4846187377658016
01,Stroke_Paretic,1,47,93,2.76,958.152156786986,154.0875975510756,5,-1.6868146640243815
01,Stroke_Paretic,1,48,82,2.43,754.6154281781168,174.77621672042181,6,-1.6548235578819146
01,Stroke_Paretic,1,49,98,2.91,1228.0291346525753,175.09236870358257,7,-1.9323775420703913
01,Stroke_Paretic,1,50,99,2.94,1650.7574019219178,181.21871349617768,4,-1.8513373621393576
01,Stroke_Paretic,1,51,208,6.21,1068.8779163215959,80.96781354168638,7,-2.3184918024279666
01,Stroke_Paretic,1,52,86,2.55,1608.484448859304,167.39978557087716,7,-1.6481014889710222
01,Stroke_Paretic,1,53,763,22.86,1310.7461827354493,43.388932905603184,93,-8.046663811290726
01,Stroke_Paretic,1,54,167,4.98,1137.492368716774,105.75866756679656,10,-2.8402843881144495
01,Stroke_Paretic,1,55,155,4.62,1083.4615308763325,105.26438061715321,5,-1.6020746431688133
01,Stroke_Paretic,1,56,121,3.6,1208.8791870525718,133.37396819906894,8,-2.0119722838162826
01,Stroke_Paretic,1,57,103,3.06,825.2945602093293,149.2081243756779,9,-1.8520021091926302
01,Stroke_Paretic,1,58,161,4.8,994.7082207584513,97.5532344975402,6,-1.853265180508365
01,Stroke_Paretic,1,59,116,3.45,1191.1712256803746,142.10640950734393,6,-1.964878024138898
01,Stroke_Paretic,1,60,110,3.27,1207.4997124453273,155.20348060912286,9,-1.9415236719140152
03,Stroke_Paretic,1,1,119,3.54,1059.4810050208541,327.6212331219599,17,-2.1997608589952002
03,Stroke_Paretic,1,2,101,3.0,1083.3333333333321,318.3042510246042,9,-2.1844565626036374
03,Stroke_Paretic,1,3,316,9.45,4800.462940638545,314.71379463491144,22,-4.507817853544494
03,Stroke_Paretic,1,4,130,3.87,2824.9877089211445,317.59517987851075,20,-2.8710293421680313
03,Stroke_Paretic,1,5,394,11.79,5372.796706040942,294.6158144703028,36,-12.211377731272941
03,Stroke_Paretic,1,6,189,5.64,984.6036991827942,184.08384523242106,23,-2.9747692191726074
03,Stroke_Paretic,1,7,366,10.95,3471.3109915419536,175.01719882195823,31,-6.194520870789832
03,Stroke_Paretic,1,8,116,3.45,975.3916592266341,248.69265520467962,9,-2.0187303688731877
03,Stroke_Paretic,1,9,165,4.92,718.0219742846022,162.4124568802418,16,-2.1859671961067995
03,Stroke_Paretic,1,10,96,2.85,663.5343079131459,256.2063078379037,9,-2.228219678988551
03,Stroke_Paretic,1,11,299,8.94,748.5170524295197,122.0009449085735,36,-2.8396060827659495
03,Stroke_Paretic,1,12,205,6.12,1140.419026303731,244.75401993211025,22,-3.5392069218466737
03,Stroke_Paretic,1,13,325,9.72,801.7342313870456,166.66407908969313,42,-2.883092522907618
03,Stroke_Paretic,1,14,336,10.05,4560.488521590116,180.5478865689854,44,-8.067917956748971
03,Stroke_Paretic,1,15,613,18.36,3944.7574210730736,144.11635294675204,75,-17.238145014958572
03,Stroke_Paretic,1,16,109,3.24,602.0797289396148,223.42122910696463,17,-1.6374198040498154
03,Stroke_Paretic,1,17,487,14.58,2853.1658829369762,88.14729444712296,64,-10.272612823676509
03,Stroke_Paretic,1,18,191,5.7,560.2578771323895,144.18567902258184,27,-3.1500499652616427
03,Stroke_Paretic,1,19,415,12.42,9035.377997380863,247.94651387573546,12,-6.710314294940778
03,Stroke_Paretic,1,20,187,5.58,523.3439489369207,141.07196276997394,22,-2.3330811578863258
03,Stroke_Paretic,1,21,389,11.64,4281.127836862065,141.1168440581858,45,-5.860761934134214
03,Stroke_Paretic,1,22,129,3.84,548.2294734466172,125.59299987038555,26,-2.3785767342476314
03,Stroke_Paretic,1,23,239,7.14,606.6758241067103,136.6371958970247,31,-2.96884497140383
03,Stroke_Paretic,1,24,220,6.57,643.1260460524891,141.66824921113505,23,-4.033322531585028
03,Stroke_Paretic,1,25,368,11.01,4212.811149075829,121.85258923300034,36,-7.301418440279944
03,Stroke_Paretic,1,26,156,4.65,486.7693955503416,121.40245889632934,23,-2.988081570571638
03,Stroke_Paretic,1,27,138,4.11,4206.905698438642,133.9537772028064,11,-3.9183099643485537
03,Stroke_Paretic,1,28,165,4.92,306.412938514171,109.34965288246067,24,-3.213925979770245
03,Stroke_Paretic,1,29,227,6.78,2400.231470319325,169.32699413144903,15,-4.384881410554119
03,Stroke_Paretic,1,30,196,5.85,2376.5638126411886,142.25411998693227,29,-3.4992842140473206
03,Stroke_Paretic,1,31,393,11.76,880.6563209081866,78.13940257090105,76,-5.874918804238868
03,Stroke_Paretic,1,32,494,14.79,1604.3344068145157,90.47510735459927,61,-9.210421886055615
03,Stroke_Paretic,1,33,419,12.54,3467.027224839422,72.94697861827639,53,-14.640666804087463
03,Stroke_Paretic,1,34,252,7.53,854.0751983545965,112.80492488021149,39,-2.1694576366871683
03,Stroke_Paretic,1,35,490,14.67,4228.540594053321,152.79630377584508,57,-4.953177487669938
03,Stroke_Paretic,1,36,271,8.1,6159.455242867481,173.7931795567723,23,-4.565982006413037
03,Stroke_Paretic,1,37,402,12.03,1835.2262954621697,79.17477119281904,57,-8.32568032076763
03,Stroke_Paretic,1,38,219,6.54,393.3474573735333,67.67882386392886,28,-1.8813445311295598
03,Stroke_Paretic,1,39,300,8.97,6927.501553791069,121.12201049230983,11,-4.541572948188426
03,Stroke_Paretic,1,40,482,14.43,1242.4214708025152,72.40349890327974,68,-9.842174196132618
04,Stroke_Paretic,1,1,121,3.6,704.942866085218,198.98847819222811,11,-1.8456777300342608
04,Stroke_Paretic,1,2,121,3.6,760.1169500660948,258.2847045562382,13,-2.3356091589960606
04,Stroke_Paretic,1,3,150,4.47,931.0985148975681,275.7979222761241,21,-2.0874593678640143
04,Stroke_Paretic,1,4,117,3.48,816.8367169895224,224.18647001650018,15,-1.5553193389568505
04,Stroke_Paretic,1,5,167,4.98,2415.516967901945,224.36343152870882,16,-3.9063095537747676
04,Stroke_Paretic,1,6,152,4.53,584.284938098605,177.95790762412366,22,-2.2091689986879057
04,Stroke_Paretic,1,7,194,5.79,6991.502779167899,204.18494318901472,18,-5.413039227716858
04,Stroke_Paretic,1,8,121,3.6,610.3277807866851,207.42980651082482,18,-1.965850088711548
04,Stroke_Paretic,1,9,114,3.39,735.0359023733304,213.0865285267374,9,-1.9909873637345732
04,Stroke_Paretic,1,10,89,2.64,734.0905181848419,279.7678229788146,9,-1.7927423206680522
04,Stroke_Paretic,1,11,137,4.08,502.4937810560483,178.95339017176252,20,-2.2244980198393898
04,Stroke_Paretic,1,12,152,4.53,569.6002496878366,199.5012383782672,21,-2.079809298581822
04,Stroke_Paretic,1,13,367,10.98,6094.829320370122,109.82098886024845,14,-5.889227465529574
04,Stroke_Paretic,1,14,128,3.81,680.0735254367709,204.04655183185764,19,-1.6227193297564906
04,Stroke_Paretic,1,15,279,8.34,715.8910531638177,141.9161923356996,44,-3.0636984794778943
04,Stroke_Paretic,1,16,318,9.51,594.8856099191592,112.75353504610945,48,-3.879578917843488
04,Stroke_Paretic,1,17,224,6.69,4438.468204234425,207.44059591452287,25,-3.832670304306491
04,Stroke_Paretic,1,18,262,7.83,625.6108126374497,144.6473262622841,33,-3.0105134752323437
04,Stroke_Paretic,1,19,385,11.52,1654.7070905618777,118.78374385372919,37,-6.604139266443673
04,Stroke_Paretic,1,20,152,4.53,520.9499869362587,191.28889382624945,15,-2.385165480488953
04,Stroke_Paretic,1,21,132,3.93,490.4646323187352,129.70687569239772,12,-3.420788009043394
04,Stroke_Paretic,1,22,132,3.93,523.3439489369189,131.4288712145771,17,-2.0673351642644313
04,Stroke_Paretic,1,23,177,5.28,603.6923425424952,158.50331318664146,17,-2.9259252774286266
04,Stroke_Paretic,1,24,121,3.6,514.7815070493484,118.31604952694322,20,-1.7902566762300571
04,Stroke_Paretic,1,25,101,3.0,436.208410943414,148.86641948259248,11,-2.2228489687920874
04,Stroke_Paretic,1,26,160,4.77,401.3864859597449,131.99701233538912,21,-2.91931719093601
04,Stroke_Paretic,1,27,193,5.76,567.6462121975463,123.41810932265949,30,-3.1729689007004076
04,Stroke_Paretic,1,28,251,7.5,700.7932013876282,123.82669785984868,31,-4.8137195624311495
04,Stroke_Paretic,1,29,152,4.53,570.5747589541223,154.83137941501636,21,-2.1579220350868766
04,Stroke_Paretic,1,30,93,2.76,466.9641908707276,157.2551439149768,10,-2.0608286479559297
04,Stroke_Paretic,1,31,214,6.39,353.1603350069525,101.47198778072337,30,-2.358172104825842
04,Stroke_Paretic,1,32,149,4.44,400.34707164881127,96.60216712248177,20,-2.2027269991819884
04,Stroke_Paretic,1,33,325,9.72,591.8426968188243,79.04676959941395,43,-3.5745094745847834
04,Stroke_Paretic,1,34,154,4.59,618.4658438426491,102.11665226563602,16,-2.1786649127900626
04,Stroke_Paretic,1,35,182,5.43,405.5175020198812,92.89258507690721,20,-2.4210755794910956
04,Stroke_Paretic,1,36,187,5.58,421.96629670573833,97.729033359602,26,-3.5993393640285523
04,Stroke_Paretic,1,37,916,27.45,888.9756902063046,53.34043548666842,149,-12.371567671284001
04,Stroke_Paretic,1,38,265,7.92,494.6940693218601,66.21832230752305,32,-4.22905869690257
04,Stroke_Paretic,1,39,230,6.87,748.7025815072066,75.73321929937921,24,-3.6793076528207695
04,Stroke_Paretic,1,40,144,4.29,484.48139512495675,104.578792015847,16,-2.2085959720116373
